<?xml version="1.0" encoding="UTF-8"?><rss version="2.0"
	xmlns:content="http://purl.org/rss/1.0/modules/content/"
	xmlns:wfw="http://wellformedweb.org/CommentAPI/"
	xmlns:dc="http://purl.org/dc/elements/1.1/"
	xmlns:atom="http://www.w3.org/2005/Atom"
	xmlns:sy="http://purl.org/rss/1.0/modules/syndication/"
	xmlns:slash="http://purl.org/rss/1.0/modules/slash/"
	>

<channel>
	<title>bambini &#8211; ex4bis</title>
	<atom:link href="./index.html" rel="self" type="application/rss+xml" />
	<link>./../../../index.html</link>
	<description></description>
	<lastBuildDate>Thu, 02 Mar 2023 14:59:37 +0000</lastBuildDate>
	<language>it-IT</language>
	<sy:updatePeriod>
	hourly	</sy:updatePeriod>
	<sy:updateFrequency>
	1	</sy:updateFrequency>
	<generator>https://wordpress.org/?v=6.1.1</generator>
	<item>
		<title>Ciao mondo!</title>
		<link>./../../../2023/03/02/ciao-mondo/index.html</link>
					<comments>./../../../2023/03/02/ciao-mondo/index.html#comments</comments>
		
		<dc:creator><![CDATA[Volodymyr]]></dc:creator>
		<pubDate>Thu, 02 Mar 2023 13:53:11 +0000</pubDate>
				<category><![CDATA[bambini]]></category>
		<guid isPermaLink="false">./../../../index.html?p=1</guid>

					<description><![CDATA[Ti diamo il benvenuto in WordPress. Questo è il tuo primo articolo. Modificalo o eliminalo e quindi inizia a scrivere!]]></description>
										<content:encoded><![CDATA[
<p>Ti diamo il benvenuto in WordPress. Questo è il tuo primo articolo. Modificalo o eliminalo e quindi inizia a scrivere!</p>
]]></content:encoded>
					
					<wfw:commentRss>./../../../2023/03/02/ciao-mondo/feed/index.html</wfw:commentRss>
			<slash:comments>1</slash:comments>
		
		
			</item>
		<item>
		<title>How to improve venenatis ultrices nulla</title>
		<link>./../../../2021/01/21/how-to-improve-venenatis-ultrices-nulla/index.html</link>
					<comments>./../../../2021/01/21/how-to-improve-venenatis-ultrices-nulla/index.html#respond</comments>
		
		<dc:creator><![CDATA[Volodymyr]]></dc:creator>
		<pubDate>Thu, 21 Jan 2021 00:43:37 +0000</pubDate>
				<category><![CDATA[bambini]]></category>
		<guid isPermaLink="false">./../../../2021/01/21/how-to-improve-venenatis-ultrices-nulla/index.html</guid>

					<description><![CDATA[Mi vel morbi tristique adipiscing magna tristique porttitor quis vel elementum amet commodo diam hendrerit odio sit cras vel vel arcu semper tellus sapien morbi sit iaculis amet mauris tellus velit donec ipsum rhoncus fusce in volutpat congue quis pharetra. Donec molestie enim vitae id tempus etiam malesuada consectetur eget aenean purus lacus, nunc ipsum &#8230;<p class="read-more"> <a class="" href="./../../../2021/01/21/how-to-improve-venenatis-ultrices-nulla/index.html"> <span class="screen-reader-text">How to improve venenatis ultrices nulla</span> Leggi altro &#187;</a></p>]]></description>
										<content:encoded><![CDATA[
<p><strong>Mi vel morbi tristique adipiscing magna tristique porttitor quis vel elementum amet commodo diam hendrerit odio sit cras vel vel arcu semper tellus sapien morbi sit iaculis amet mauris tellus velit donec ipsum rhoncus fusce in volutpat congue quis pharetra.</strong></p>



<p>Donec molestie enim vitae id tempus etiam malesuada consectetur eget aenean purus lacus, nunc ipsum tincidunt fermentum viverra et massa etiam in a mi dui sed sed sit est at magnis nam amet risus sed non ut malesuada sed congue cras urna feugiat cras purus, eget mauris purus tristique leo nisl, donec elit eget blandit arcu aliquam libero faucibus turpis dignissim donec magnis tincidunt.</p>



<blockquote class=\"wp-block-quote\"><p>Rhoncus ut nibh tellus felis, aliquet risus risus commodo, metus suscipit dui libero cras molestie curabitur mattis ut praesent nulla rhoncus tempor vestibulum mattis tempus feugiat et mollis nibh dui, sed sollicitudin.</p><cite>Sed rhoncus ultricies</cite></blockquote>



<p>A est adipiscing duis lacus turpis faucibus urna a, tincidunt sit enim nisl mauris in pellentesque hendrerit egestas faucibus amet eu amet velit nulla magna nulla cursus mi aliquam ac eu sagittis.</p>
]]></content:encoded>
					
					<wfw:commentRss>./../../../2021/01/21/how-to-improve-venenatis-ultrices-nulla/feed/index.html</wfw:commentRss>
			<slash:comments>0</slash:comments>
		
		
			</item>
	</channel>
</rss>
