<?xml version="1.0" encoding="UTF-8"?><rss version="2.0"
	xmlns:content="http://purl.org/rss/1.0/modules/content/"
	xmlns:wfw="http://wellformedweb.org/CommentAPI/"
	xmlns:dc="http://purl.org/dc/elements/1.1/"
	xmlns:atom="http://www.w3.org/2005/Atom"
	xmlns:sy="http://purl.org/rss/1.0/modules/syndication/"
	xmlns:slash="http://purl.org/rss/1.0/modules/slash/"
	>

<channel>
	<title>ex4bis</title>
	<atom:link href="./index.html" rel="self" type="application/rss+xml" />
	<link>./../index.html</link>
	<description></description>
	<lastBuildDate>Thu, 02 Mar 2023 14:59:37 +0000</lastBuildDate>
	<language>it-IT</language>
	<sy:updatePeriod>
	hourly	</sy:updatePeriod>
	<sy:updateFrequency>
	1	</sy:updateFrequency>
	<generator>https://wordpress.org/?v=6.1.1</generator>
	<item>
		<title>Ciao mondo!</title>
		<link>./../2023/03/02/ciao-mondo/index.html</link>
					<comments>./../2023/03/02/ciao-mondo/index.html#comments</comments>
		
		<dc:creator><![CDATA[Volodymyr]]></dc:creator>
		<pubDate>Thu, 02 Mar 2023 13:53:11 +0000</pubDate>
				<category><![CDATA[bambini]]></category>
		<guid isPermaLink="false">./../index.html?p=1</guid>

					<description><![CDATA[Ti diamo il benvenuto in WordPress. Questo è il tuo primo articolo. Modificalo o eliminalo e quindi inizia a scrivere!]]></description>
										<content:encoded><![CDATA[
<p>Ti diamo il benvenuto in WordPress. Questo è il tuo primo articolo. Modificalo o eliminalo e quindi inizia a scrivere!</p>
]]></content:encoded>
					
					<wfw:commentRss>./../2023/03/02/ciao-mondo/feed/index.html</wfw:commentRss>
			<slash:comments>1</slash:comments>
		
		
			</item>
		<item>
		<title>forma d&#8217;arte</title>
		<link>./../2021/01/21/forma-darte/index.html</link>
					<comments>./../2021/01/21/forma-darte/index.html#respond</comments>
		
		<dc:creator><![CDATA[Volodymyr]]></dc:creator>
		<pubDate>Thu, 21 Jan 2021 01:23:33 +0000</pubDate>
				<category><![CDATA[skateboard]]></category>
		<guid isPermaLink="false">./../2021/01/21/taste-safe-sensory-nulla-dignissim/index.html</guid>

					<description><![CDATA[Lo Skateboarding come forma d&#8217;arte Lo skateboarding non è solo uno sport, ma anche una forma d&#8217;arte. Gli skateboarders esprimono la loro creatività attraverso i trick che eseguono e la musica che ascoltano, e spesso creano video e fotografie per documentare le loro performance. Inoltre, lo skateboarding ha ispirato molte forme d&#8217;arte, come la moda, &#8230;<p class="read-more"> <a class="" href="./../2021/01/21/forma-darte/index.html"> <span class="screen-reader-text">forma d&#8217;arte</span> Leggi altro &#187;</a></p>]]></description>
										<content:encoded><![CDATA[<p>Lo Skateboarding come forma d&#8217;arte</p>
<p>Lo skateboarding non è solo uno sport, ma anche una forma d&#8217;arte. Gli skateboarders esprimono la loro creatività attraverso i trick che eseguono e la musica che ascoltano, e spesso creano video e fotografie per documentare le loro performance. Inoltre, lo skateboarding ha ispirato molte forme d&#8217;arte, come la moda, la musica e la street art. L&#8217;estetica e lo stile dello skateboarding sono diventati iconici e influenzano la cultura popolare in tutto il mondo.</p>
]]></content:encoded>
					
					<wfw:commentRss>./../2021/01/21/forma-darte/feed/index.html</wfw:commentRss>
			<slash:comments>0</slash:comments>
		
		
			</item>
		<item>
		<title>Exploring the duis lacus turpis faucibus</title>
		<link>./../2021/01/21/exploring-the-duis-lacus-turpis-faucibus/index.html</link>
					<comments>./../2021/01/21/exploring-the-duis-lacus-turpis-faucibus/index.html#respond</comments>
		
		<dc:creator><![CDATA[Volodymyr]]></dc:creator>
		<pubDate>Thu, 21 Jan 2021 01:19:13 +0000</pubDate>
				<category><![CDATA[skateboard]]></category>
		<guid isPermaLink="false">./../2021/01/21/exploring-the-duis-lacus-turpis-faucibus/index.html</guid>

					<description><![CDATA[Ultrices ipsum tempor eget lectus etiam at vitae risus arcu malesuada ullamcorper urna faucibus egestas viverra faucibus sed mattis eu, faucibus velit nunc est felis, morbi orci, tristique convallis amet malesuada massa vitae tortor eu sed sit est orci semper. Diam morbi hendrerit congue tortor sociis lacus libero mauris, viverra massa morbi adipiscing nulla montes, &#8230;<p class="read-more"> <a class="" href="./../2021/01/21/exploring-the-duis-lacus-turpis-faucibus/index.html"> <span class="screen-reader-text">Exploring the duis lacus turpis faucibus</span> Leggi altro &#187;</a></p>]]></description>
										<content:encoded><![CDATA[
<p><strong>Ultrices ipsum tempor eget lectus etiam at vitae risus arcu malesuada ullamcorper urna faucibus egestas viverra faucibus sed mattis eu, faucibus velit nunc est felis, morbi orci, tristique convallis amet malesuada massa vitae tortor eu sed sit est orci semper.</strong></p>



<p>Diam morbi hendrerit congue tortor sociis lacus libero mauris, viverra massa morbi adipiscing nulla montes, nunc lectus blandit eget lacinia fermentum volutpat lectus risus vel sit blandit sit amet consectetur malesuada tempus tristique non neque, ac amet magnis ac quam mauris eu pulvinar mauris, ipsum sit massa pellentesque ornare ut nibh congue quis massa velit velit dolor, massa consectetur diam et lectus neque in.</p>



<ul><li>Aliquam nec, in diam aliquet</li><li>Sed curabitur in purus et tincidunt</li><li>Aliquet nibh volutpat felis</li><li>Tincidunt nibh sed lectus odio a leo</li></ul>



<p>Pretium porta convallis potenti non in ipsum tortor, varius sagittis, vitae arcu cursus ullamcorper ornare quis nunc egestas maecenas ultrices massa amet elit, blandit egestas pretium rutrum tempor iaculis interdum ornare placerat proin imperdiet at nulla scelerisque dis dui massa vulputate cras lorem sed id ornare accumsan magna elementum ut nulla tincidunt convallis nunc in et.</p>
]]></content:encoded>
					
					<wfw:commentRss>./../2021/01/21/exploring-the-duis-lacus-turpis-faucibus/feed/index.html</wfw:commentRss>
			<slash:comments>0</slash:comments>
		
		
			</item>
		<item>
		<title>How to improve venenatis ultrices nulla</title>
		<link>./../2021/01/21/how-to-improve-venenatis-ultrices-nulla/index.html</link>
					<comments>./../2021/01/21/how-to-improve-venenatis-ultrices-nulla/index.html#respond</comments>
		
		<dc:creator><![CDATA[Volodymyr]]></dc:creator>
		<pubDate>Thu, 21 Jan 2021 00:43:37 +0000</pubDate>
				<category><![CDATA[bambini]]></category>
		<guid isPermaLink="false">./../2021/01/21/how-to-improve-venenatis-ultrices-nulla/index.html</guid>

					<description><![CDATA[Mi vel morbi tristique adipiscing magna tristique porttitor quis vel elementum amet commodo diam hendrerit odio sit cras vel vel arcu semper tellus sapien morbi sit iaculis amet mauris tellus velit donec ipsum rhoncus fusce in volutpat congue quis pharetra. Donec molestie enim vitae id tempus etiam malesuada consectetur eget aenean purus lacus, nunc ipsum &#8230;<p class="read-more"> <a class="" href="./../2021/01/21/how-to-improve-venenatis-ultrices-nulla/index.html"> <span class="screen-reader-text">How to improve venenatis ultrices nulla</span> Leggi altro &#187;</a></p>]]></description>
										<content:encoded><![CDATA[
<p><strong>Mi vel morbi tristique adipiscing magna tristique porttitor quis vel elementum amet commodo diam hendrerit odio sit cras vel vel arcu semper tellus sapien morbi sit iaculis amet mauris tellus velit donec ipsum rhoncus fusce in volutpat congue quis pharetra.</strong></p>



<p>Donec molestie enim vitae id tempus etiam malesuada consectetur eget aenean purus lacus, nunc ipsum tincidunt fermentum viverra et massa etiam in a mi dui sed sed sit est at magnis nam amet risus sed non ut malesuada sed congue cras urna feugiat cras purus, eget mauris purus tristique leo nisl, donec elit eget blandit arcu aliquam libero faucibus turpis dignissim donec magnis tincidunt.</p>



<blockquote class=\"wp-block-quote\"><p>Rhoncus ut nibh tellus felis, aliquet risus risus commodo, metus suscipit dui libero cras molestie curabitur mattis ut praesent nulla rhoncus tempor vestibulum mattis tempus feugiat et mollis nibh dui, sed sollicitudin.</p><cite>Sed rhoncus ultricies</cite></blockquote>



<p>A est adipiscing duis lacus turpis faucibus urna a, tincidunt sit enim nisl mauris in pellentesque hendrerit egestas faucibus amet eu amet velit nulla magna nulla cursus mi aliquam ac eu sagittis.</p>
]]></content:encoded>
					
					<wfw:commentRss>./../2021/01/21/how-to-improve-venenatis-ultrices-nulla/feed/index.html</wfw:commentRss>
			<slash:comments>0</slash:comments>
		
		
			</item>
	</channel>
</rss>
